{
  "total_combinations": 1188,
  "avg_backtest_ms_per_combo": 9.7773734850359,
  "min_backtest_ms": 1.9815000123344362,
  "max_backtest_ms": 95.53620000951923,
  "zero_trade_pct": 62.878787878787875,
  "invalid_pct": 100.0,
  "invalid_by_reason_pct": {
    "LOW_USABLE_WINDOWS": 37.121212121212125,
    "ZERO_TRADE": 62.878787878787875
  },
  "walkforward_executed_true_pct": 0.0,
  "mc_trigger_rate": 0.0,
  "metric_logic_failures": 0,
  "walkforward_integrity_failures": 0,
  "suspicious_execution": false,
  "final_stage12_1_classification": "TRUE_NO_EDGE",
  "run_id": "20260301_041932_2fc2823beb24_stage12"
}