{
  "stage": "14.1",
  "model": "logreg_l2",
  "l2": 0.1,
  "coefficients": [
    -0.052451448788207566,
    0.01306797074465207,
    -0.044176973645087804,
    0.0335346817853054,
    0.014079186966701573,
    -0.0022712807779797636,
    -0.003923697530345857,
    0.007582363643049781
  ],
  "intercept": 0.03583719829553316,
  "holdout_exp_lcb": 0.0,
  "forward_metrics": {
    "trade_count": 0.0,
    "expectancy": 0.0,
    "PF": 0.0,
    "maxDD": 0.0,
    "exp_lcb": 0.0,
    "tpm": 0.0
  },
  "drift_metric": 0.02800530325890608,
  "drift_ok": 1,
  "classification": "NO_EDGE",
  "seed": 42,
  "config_hash": "46824450e5e7",
  "data_hash": "6bd2283507f82ae1"
}