name,trade_count,tpm,exposure_ratio,PF_raw,PF,expectancy,exp_lcb,max_drawdown,drag_penalty,horizon_consistency,score,valid,reason
baseline,0.0,0.0,0.0,0.0,0.0,0.0,0.0,0.0,0.6,0.35,-1000000.6,False,TPM_OUT_OF_BOUNDS|LOW_EXPOSURE
transition,146.5,43.968320133388914,0.6331249999999999,0.6782125489252823,0.6782125489252823,-27.10868198211099,-39.94730251645879,0.4565748604651889,0.8,0.4,-1000040.9038773769,False,MAX_DD_BREACH
