{
  "enabled": true,
  "status": "FAILED",
  "zero_trade_pct": 71.96969696969697,
  "walkforward_executed_true_pct": 0.0,
  "MC_trigger_rate": 0.0,
  "invalid_pct": 100.0,
  "targets": {
    "zero_trade_pct_max": 25.0,
    "walkforward_executed_true_pct_min": 40.0,
    "mc_trigger_rate_min": 10.0,
    "invalid_pct_max": 60.0
  },
  "target_pass_map": {
    "zero_trade_pct": false,
    "walkforward_executed_true_pct": false,
    "MC_trigger_rate": false,
    "invalid_pct": false
  },
  "threshold_distribution": {
    "0.2": 0.7651515151515151,
    "0.3": 0.007575757575757576,
    "0.4": 0.022727272727272728,
    "0.5": 0.03787878787878788,
    "0.6": 0.030303030303030304,
    "0.7": 0.022727272727272728,
    "0.8": 0.11363636363636363
  },
  "weight_distribution": {
    "[0.5, 0.5, 0.5]": 0.8409090909090909,
    "[0.5, 0.5, 1.0]": 0.030303030303030304,
    "[0.5, 0.5, 1.5]": 0.03787878787878788,
    "[0.5, 1.0, 0.5]": 0.030303030303030304,
    "[0.5, 1.0, 1.0]": 0.007575757575757576,
    "[0.5, 1.5, 0.5]": 0.015151515151515152,
    "[1.0, 0.5, 0.5]": 0.007575757575757576,
    "[1.0, 0.5, 1.5]": 0.015151515151515152,
    "[1.0, 1.0, 0.5]": 0.015151515151515152
  },
  "trade_rate_distribution": {
    "0.0": 0.7196969696969697,
    "0.0407": 0.007575757575757576,
    "0.0692": 0.007575757575757576,
    "0.0756": 0.007575757575757576,
    "0.0804": 0.007575757575757576,
    "0.0877": 0.007575757575757576,
    "0.0893": 0.015151515151515152,
    "0.0943": 0.007575757575757576,
    "0.098": 0.007575757575757576,
    "0.1": 0.007575757575757576,
    "0.1071": 0.007575757575757576,
    "0.122": 0.007575757575757576,
    "0.1282": 0.007575757575757576,
    "0.15": 0.007575757575757576,
    "0.1724": 0.007575757575757576,
    "0.1852": 0.007575757575757576,
    "0.1875": 0.007575757575757576,
    "0.2": 0.007575757575757576,
    "0.2083": 0.007575757575757576,
    "0.2381": 0.007575757575757576,
    "0.2778": 0.015151515151515152,
    "0.3333": 0.022727272727272728,
    "0.3571": 0.007575757575757576,
    "0.3846": 0.007575757575757576,
    "0.4167": 0.015151515151515152,
    "0.5": 0.007575757575757576,
    "0.625": 0.007575757575757576,
    "0.7143": 0.015151515151515152,
    "1.0": 0.030303030303030304
  },
  "cache_hit_rate": 0.8888888888888888,
  "search_evaluations_max": 189,
  "search_evaluations_mean": 189.0,
  "valid_combinations": 0,
  "run_id": "20260301_051916_7adfeefe759b_stage12"
}