{
  "total_trades": 720,
  "losing_trades": 412,
  "winning_trades": 308,
  "avg_context_score_winners": 0.24854569282456507,
  "avg_context_score_losers": 0.24287550688740955,
  "context_score_diff": 0.005670185937155514,
  "context_separation_effect_size": 0.0405432075574505,
  "context_separation_detected": false,
  "final_stage12_2_verdict": "RANDOM_NOISE",
  "run_id": "20260301_060514_8bb2fcf2c8c0_stage12"
}