{
  "run_id": "20260226_181107_dd4955695aad_stage1",
  "timestamp_utc": "20260226_182932",
  "split_mode": "60_20_20",
  "recent_weight": 2.0,
  "min_holdout_trades": 50,
  "min_validation_exposure_ratio": 0.01,
  "min_validation_active_days": 10.0,
  "rejected_due_validation_evidence_count": 17,
  "round_trip_cost_pct": 0.1,
  "any_pf_holdout_gt_1_and_expectancy_holdout_gt_0": true,
  "any_accepted_pf_holdout_gt_1_and_expectancy_holdout_gt_0": true,
  "best_accepted_candidate": {
    "candidate_id": "cand_001139_d55f8520",
    "strategy_name": "Trend Pullback",
    "score": -60.41396262795881,
    "pf_adj_holdout": 1.1233917269350495,
    "exp_lcb_holdout": -12.13055109996423,
    "trades_per_month_holdout": 2.4733321280057856,
    "exposure_ratio": 0.027386117136659435,
    "validation_exposure_ratio": 0.020159103236304467,
    "validation_active_days": 9.291666666666666,
    "validation_evidence_passed": true
  },
  "accepted_top10_tpm_distribution": {
    "count": 1,
    "min": 2.4733321280057856,
    "median": 2.4733321280057856,
    "max": 2.4733321280057856
  },
  "top_5_candidates": [
    {
      "rank": 1,
      "candidate_id": "cand_001139_d55f8520",
      "strategy_name": "Trend Pullback",
      "strategy_family": "TrendPullback",
      "parameters": {
        "channel_period": 20,
        "ema_fast": 50,
        "ema_slow": 200,
        "rsi_long_entry": 31,
        "rsi_short_entry": 62,
        "bollinger_period": 20,
        "bollinger_std": 2.0,
        "atr_sl_multiplier": 1.990928112487736,
        "atr_tp_multiplier": 2.615986332726116,
        "trailing_atr_k": 1.6090443409457977,
        "max_holding_bars": 48,
        "regime_gate_long": true,
        "regime_gate_short": false
      },
      "gating": "vol",
      "exit_mode": "fixed_atr",
      "trade_count_validation": 10.0,
      "trade_count_holdout": 19.0,
      "pf_validation": 10.0,
      "pf_holdout": 1.448106797816759,
      "pf_adj_holdout": 1.1233917269350495,
      "expectancy_validation": 63.81346092406185,
      "expectancy_holdout": 39.554740667755055,
      "exp_lcb_holdout": -12.13055109996423,
      "effective_edge": -30.00288176595745,
      "max_drawdown_combined": 0.06156691759512219,
      "max_drawdown_holdout": 0.05819909604390883,
      "return_pct_holdout": 0.03757700363436743,
      "cagr_approx_holdout": 0.06020633758778926,
      "trades_per_month_holdout": 2.4733321280057856,
      "exposure_ratio": 0.027386117136659435,
      "exposure_penalty": 0.0,
      "low_signal_penalty": 0.6908334839992768,
      "penalty_relief_applied": false,
      "validation_exposure_ratio": 0.020159103236304467,
      "validation_active_days": 9.291666666666666,
      "validation_evidence_passed": true,
      "holdout_by_symbol": {
        "BTC/USDT": {
          "profit_factor": 1.377393464680433,
          "return_pct": 0.029226954514308453,
          "max_drawdown": 0.05354509575549802,
          "trade_count": 11.0
        },
        "ETH/USDT": {
          "profit_factor": 1.518820130953085,
          "return_pct": 0.045927052754426406,
          "max_drawdown": 0.06285309633231963,
          "trade_count": 8.0
        }
      },
      "validation_range": "2024-11-22T11:00:00+00:00..2025-07-10T21:00:00+00:00",
      "holdout_range": "2025-07-10T22:00:00+00:00..2026-02-26T09:00:00+00:00",
      "combined_range": "2024-11-22T11:00:00+00:00..2026-02-26T09:00:00+00:00",
      "rejected": false,
      "rejection_reason": "",
      "score": -60.41396262795881
    },
    {
      "rank": 2,
      "candidate_id": "cand_000743_1fc927ae",
      "strategy_name": "Trend Pullback",
      "strategy_family": "TrendPullback",
      "parameters": {
        "channel_period": 100,
        "ema_fast": 50,
        "ema_slow": 200,
        "rsi_long_entry": 20,
        "rsi_short_entry": 74,
        "bollinger_period": 20,
        "bollinger_std": 1.5,
        "atr_sl_multiplier": 2.238113302469894,
        "atr_tp_multiplier": 4.808126794212899,
        "trailing_atr_k": 1.2290405402496654,
        "max_holding_bars": 12,
        "regime_gate_long": true,
        "regime_gate_short": false
      },
      "gating": "vol+regime",
      "exit_mode": "fixed_atr",
      "trade_count_validation": 0.0,
      "trade_count_holdout": 2.0,
      "pf_validation": 0.0,
      "pf_holdout": 10.0,
      "pf_adj_holdout": 1.3461538461538463,
      "expectancy_validation": 0.0,
      "expectancy_holdout": 298.2823792832056,
      "exp_lcb_holdout": 282.52951868572205,
      "effective_edge": 73.55677217635866,
      "max_drawdown_combined": 0.0005,
      "max_drawdown_holdout": 0.0005,
      "return_pct_holdout": 0.029828237928320595,
      "cagr_approx_holdout": 0.04768502452644441,
      "trades_per_month_holdout": 0.2603507503163985,
      "exposure_ratio": 0.0014461315979754157,
      "exposure_penalty": 4.638467100506146,
      "low_signal_penalty": 0.9674561562104502,
      "penalty_relief_applied": false,
      "validation_exposure_ratio": 0.0,
      "validation_active_days": 0.0,
      "validation_evidence_passed": false,
      "holdout_by_symbol": {
        "BTC/USDT": {
          "profit_factor": 10.0,
          "return_pct": 0.027600447018007252,
          "max_drawdown": 0.0005,
          "trade_count": 1.0
        },
        "ETH/USDT": {
          "profit_factor": 10.0,
          "return_pct": 0.03205602883863394,
          "max_drawdown": 0.0005,
          "trade_count": 1.0
        }
      },
      "validation_range": "2024-11-22T11:00:00+00:00..2025-07-10T21:00:00+00:00",
      "holdout_range": "2025-07-10T22:00:00+00:00..2026-02-26T09:00:00+00:00",
      "combined_range": "2024-11-22T11:00:00+00:00..2026-02-26T09:00:00+00:00",
      "rejected": true,
      "rejection_reason": "insufficient_validation_evidence",
      "score": -1000000000.0
    },
    {
      "rank": 3,
      "candidate_id": "cand_000479_b1601f01",
      "strategy_name": "Trend Pullback",
      "strategy_family": "TrendPullback",
      "parameters": {
        "channel_period": 55,
        "ema_fast": 20,
        "ema_slow": 200,
        "rsi_long_entry": 22,
        "rsi_short_entry": 76,
        "bollinger_period": 20,
        "bollinger_std": 1.5,
        "atr_sl_multiplier": 1.9818651992020315,
        "atr_tp_multiplier": 4.640358696520796,
        "trailing_atr_k": 1.2715147760052585,
        "max_holding_bars": 96,
        "regime_gate_long": false,
        "regime_gate_short": false
      },
      "gating": "vol",
      "exit_mode": "fixed_atr",
      "trade_count_validation": 0.0,
      "trade_count_holdout": 1.0,
      "pf_validation": 0.0,
      "pf_holdout": 10.0,
      "pf_adj_holdout": 1.1764705882352942,
      "expectancy_validation": 0.0,
      "expectancy_holdout": 265.8504771820067,
      "exp_lcb_holdout": 265.8504771820067,
      "effective_edge": 34.607185603154015,
      "max_drawdown_combined": 0.00025,
      "max_drawdown_holdout": 0.00025,
      "return_pct_holdout": 0.013292523859100402,
      "cagr_approx_holdout": 0.021148868547056887,
      "trades_per_month_holdout": 0.13017537515819924,
      "exposure_ratio": 0.00036153289949385393,
      "exposure_penalty": 4.909616775126536,
      "low_signal_penalty": 0.9837280781052251,
      "penalty_relief_applied": false,
      "validation_exposure_ratio": 0.0,
      "validation_active_days": 0.0,
      "validation_evidence_passed": false,
      "holdout_by_symbol": {
        "BTC/USDT": {
          "profit_factor": 10.0,
          "return_pct": 0.02658504771820062,
          "max_drawdown": 0.0005,
          "trade_count": 1.0
        },
        "ETH/USDT": {
          "profit_factor": 0.0,
          "return_pct": 0.0,
          "max_drawdown": 0.0,
          "trade_count": 0.0
        }
      },
      "validation_range": "2024-11-22T11:00:00+00:00..2025-07-10T21:00:00+00:00",
      "holdout_range": "2025-07-10T22:00:00+00:00..2026-02-26T09:00:00+00:00",
      "combined_range": "2024-11-22T11:00:00+00:00..2026-02-26T09:00:00+00:00",